run_id,prompt_id,platform,model_name,run_date,run_number,response_text,has_citations,dataset_kind,benchmark_name,collection_date,collection_notes
r001,p01,Gemini (synthetic),gemini-synthetic-demo,2026-07-10,1,"Based on common recommendations, these tools stand out:

1. **Asana** offers polished task tracking, timelines, and reporting. It is affordable for small teams and is often recommended for marketing teams.
2. **Notion** is an all-in-one workspace that combines docs, wikis, databases, and project boards. Its strength is flexibility and a generous free plan, though it can be overwhelming to set up for beginners.
3. **Monday.com** offers colorful, spreadsheet-style boards, automations, and dashboards that non-technical teams find approachable and easy to use, but advanced reporting is limited on lower tiers.
4. **ClickUp** packs powerful automations, dashboards, and goals into one platform. It is feature-rich, but it can get pricey on higher tiers.
5. **Trello** uses a simple, intuitive Kanban-board approach that is easy to learn and has a free plan, though it feels limited for complex projects and lacks advanced reporting.

For most teams, **Asana** is a great starting point, with **Notion** as a solid alternative.

Sources:
- https://www.reddit.com/r/productivity/comments/best-pm-tool/
- https://www.capterra.com/project-management-software/
- https://asana.com/product",true,Synthetic,Demo Synthetic Benchmark,2026-07-10,Script-generated synthetic response (not a real AI platform output).
r002,p01,Gemini (synthetic),gemini-synthetic-demo,2026-07-10,2,"Here are some strong options to consider:

1. **Notion** is an all-in-one workspace that combines docs, wikis, databases, and project boards. Its strength is flexibility and a generous free plan, though it can be overwhelming to set up for beginners.
2. **Monday.com** offers colorful, spreadsheet-style boards, automations, and dashboards that non-technical teams find approachable and easy to use, but advanced reporting is limited on lower tiers.
3. **ClickUp** packs powerful automations, dashboards, and goals into one platform. It is feature-rich, but it can get pricey on higher tiers.
4. **Trello** uses a simple, intuitive Kanban-board approach that is easy to learn and has a free plan, though it feels limited for complex projects and lacks advanced reporting.

For most teams, **Notion** is a great starting point, with **Monday.com** as a solid alternative.

Sources:
- https://www.capterra.com/project-management-software/
- https://www.forbes.com/advisor/business/software/best-project-management-software/
- https://www.reddit.com/r/productivity/comments/best-pm-tool/
- https://www.notion.so/product",true,Synthetic,Demo Synthetic Benchmark,2026-07-10,Script-generated synthetic response (not a real AI platform output).
r003,p01,ChatGPT (synthetic),gpt-synthetic-demo,2026-07-10,1,"Based on common recommendations, these tools stand out:

1. **Notion** is a flexible all-in-one workspace with docs, wikis, and databases. It is simple to start with ready-made templates and is popular with startups and small teams.
2. **Monday.com** offers colorful, spreadsheet-style boards, automations, and dashboards that non-technical teams find approachable and easy to use, but advanced reporting is limited on lower tiers.
3. **ClickUp** packs powerful automations, dashboards, and goals into one platform. It is feature-rich, but it can get pricey on higher tiers.
4. **Trello** is a lightweight Kanban tool that is easy to learn and great for simple workflows, with a free plan that appeals to freelancers and small teams.

For most teams, **Notion** is a great starting point, with **Monday.com** as a solid alternative.

Sources:
- https://www.forbes.com/advisor/business/software/best-project-management-software/
- https://www.pcmag.com/picks/the-best-project-management-software
- https://www.notion.so/product",true,Synthetic,Demo Synthetic Benchmark,2026-07-10,Script-generated synthetic response (not a real AI platform output).
r004,p02,Gemini (synthetic),gemini-synthetic-demo,2026-07-10,1,"Several popular platforms could work well here:

1. **Notion** is an all-in-one workspace that combines docs, wikis, databases, and project boards. Its strength is flexibility and a generous free plan, though it can be overwhelming to set up for beginners.
2. **Monday.com** offers colorful, spreadsheet-style boards, automations, and dashboards that non-technical teams find approachable and easy to use, but advanced reporting is limited on lower tiers.
3. **Asana** offers polished task tracking, timelines, and reporting. It is affordable for small teams and is often recommended for marketing teams.
4. **ClickUp** packs powerful automations, dashboards, and goals into one platform. It is feature-rich, but it can get pricey on higher tiers.
5. **Trello** uses a simple, intuitive Kanban-board approach that is easy to learn and has a free plan, though it feels limited for complex projects and lacks advanced reporting.

For most teams, **Notion** is a great starting point, with **Monday.com** as a solid alternative.

Sources:
- https://www.pcmag.com/picks/the-best-project-management-software
- https://www.forbes.com/advisor/business/software/best-project-management-software/
- https://www.notion.so/product",true,Synthetic,Demo Synthetic Benchmark,2026-07-10,Script-generated synthetic response (not a real AI platform output).
r005,p02,ChatGPT (synthetic),gpt-synthetic-demo,2026-07-10,1,"Here are some strong options to consider:

1. **Notion** is a flexible all-in-one workspace with docs, wikis, and databases. It is simple to start with ready-made templates and is popular with startups and small teams.
2. **Asana** is a mature project management platform known for reliable task tracking, timelines, and workload management. It is powerful for larger teams, but its pricing gets expensive at scale.
3. **ClickUp** packs powerful automations, dashboards, and goals into one platform. It is feature-rich, but it can get pricey on higher tiers.
4. **Trello** is a lightweight Kanban tool that is easy to learn and great for simple workflows, with a free plan that appeals to freelancers and small teams.

For most teams, **Notion** is a great starting point, with **Asana** as a solid alternative.

Sources:
- https://www.forbes.com/advisor/business/software/best-project-management-software/
- https://www.pcmag.com/picks/the-best-project-management-software
- https://www.notion.so/product",true,Synthetic,Demo Synthetic Benchmark,2026-07-10,Script-generated synthetic response (not a real AI platform output).
r006,p02,ChatGPT (synthetic),gpt-synthetic-demo,2026-07-10,2,"Here are some strong options to consider:

1. **Asana** is a mature project management platform known for reliable task tracking, timelines, and workload management. It is powerful for larger teams, but its pricing gets expensive at scale.
2. **Notion** is a flexible all-in-one workspace with docs, wikis, and databases. It is simple to start with ready-made templates and is popular with startups and small teams.
3. **ClickUp** packs powerful automations, dashboards, and goals into one platform. It is feature-rich, but it can get pricey on higher tiers.
4. **Trello** is a lightweight Kanban tool that is easy to learn and great for simple workflows, with a free plan that appeals to freelancers and small teams.

For most teams, **Asana** is a great starting point, with **Notion** as a solid alternative.

Sources:
- https://www.capterra.com/project-management-software/
- https://www.nytimes.com/wirecutter/reviews/best-to-do-list-app/
- https://asana.com/product",true,Synthetic,Demo Synthetic Benchmark,2026-07-10,Script-generated synthetic response (not a real AI platform output).
r007,p03,Gemini (synthetic),gemini-synthetic-demo,2026-07-10,1,"A few widely used tools fit this need:

1. **Notion** is an all-in-one workspace that combines docs, wikis, databases, and project boards. Its strength is flexibility and a generous free plan, though it can be overwhelming to set up for beginners.
2. **Asana** offers polished task tracking, timelines, and reporting. It is affordable for small teams and is often recommended for marketing teams.

For most teams, **Notion** is a great starting point, with **Asana** as a solid alternative.

Sources:
- https://www.pcmag.com/picks/the-best-project-management-software
- https://zapier.com/blog/best-project-management-software/
- https://www.g2.com/categories/project-management
- https://www.notion.so/product",true,Synthetic,Demo Synthetic Benchmark,2026-07-10,Script-generated synthetic response (not a real AI platform output).
r008,p03,ChatGPT (synthetic),gpt-synthetic-demo,2026-07-10,1,"Several popular platforms could work well here:

1. **Notion** is a flexible all-in-one workspace with docs, wikis, and databases. It is simple to start with ready-made templates and is popular with startups and small teams.
2. **Asana** is a mature project management platform known for reliable task tracking, timelines, and workload management. It is powerful for larger teams, but its pricing gets expensive at scale.
3. **Trello** is a lightweight Kanban tool that is easy to learn and great for simple workflows, with a free plan that appeals to freelancers and small teams.
4. **ClickUp** packs powerful automations, dashboards, and goals into one platform. It is feature-rich, but it can get pricey on higher tiers.

For most teams, **Notion** is a great starting point, with **Asana** as a solid alternative.

Sources:
- https://www.pcmag.com/picks/the-best-project-management-software
- https://www.nytimes.com/wirecutter/reviews/best-to-do-list-app/
- https://www.notion.so/product",true,Synthetic,Demo Synthetic Benchmark,2026-07-10,Script-generated synthetic response (not a real AI platform output).
r009,p03,ChatGPT (synthetic),gpt-synthetic-demo,2026-07-10,2,"Based on common recommendations, these tools stand out:

1. **ClickUp** packs powerful automations, dashboards, and goals into one platform. It is feature-rich, but it can get pricey on higher tiers.
2. **Trello** is a lightweight Kanban tool that is easy to learn and great for simple workflows, with a free plan that appeals to freelancers and small teams.

For most teams, **ClickUp** is a great starting point, with **Trello** as a solid alternative.

Sources:
- https://www.forbes.com/advisor/business/software/best-project-management-software/
- https://www.g2.com/categories/project-management
- https://www.nytimes.com/wirecutter/reviews/best-to-do-list-app/
- https://clickup.com/features",true,Synthetic,Demo Synthetic Benchmark,2026-07-10,Script-generated synthetic response (not a real AI platform output).
r010,p04,ChatGPT (synthetic),gpt-synthetic-demo,2026-07-10,1,"Here are some strong options to consider:

1. **Asana** is a mature project management platform known for reliable task tracking, timelines, and workload management. It is powerful for larger teams, but its pricing gets expensive at scale.
2. **Notion** is a flexible all-in-one workspace with docs, wikis, and databases. It is simple to start with ready-made templates and is popular with startups and small teams.
3. **Trello** is a lightweight Kanban tool that is easy to learn and great for simple workflows, with a free plan that appeals to freelancers and small teams.

For most teams, **Asana** is a great starting point, with **Notion** as a solid alternative.

Sources:
- https://www.reddit.com/r/productivity/comments/best-pm-tool/
- https://www.g2.com/categories/project-management
- https://asana.com/product",true,Synthetic,Demo Synthetic Benchmark,2026-07-10,Script-generated synthetic response (not a real AI platform output).
r011,p04,Gemini (synthetic),gemini-synthetic-demo,2026-07-10,1,"Several popular platforms could work well here:

1. **Notion** is an all-in-one workspace that combines docs, wikis, databases, and project boards. Its strength is flexibility and a generous free plan, though it can be overwhelming to set up for beginners.
2. **Asana** offers polished task tracking, timelines, and reporting. It is affordable for small teams and is often recommended for marketing teams.
3. **ClickUp** packs powerful automations, dashboards, and goals into one platform. It is feature-rich, but it can get pricey on higher tiers.
4. **Monday.com** offers colorful, spreadsheet-style boards, automations, and dashboards that non-technical teams find approachable and easy to use, but advanced reporting is limited on lower tiers.

For most teams, **Notion** is a great starting point, with **Asana** as a solid alternative.",false,Synthetic,Demo Synthetic Benchmark,2026-07-10,Script-generated synthetic response (not a real AI platform output).
r012,p04,Gemini (synthetic),gemini-synthetic-demo,2026-07-10,2,"Based on common recommendations, these tools stand out:

1. **Notion** is an all-in-one workspace that combines docs, wikis, databases, and project boards. Its strength is flexibility and a generous free plan, though it can be overwhelming to set up for beginners.
2. **Asana** offers polished task tracking, timelines, and reporting. It is affordable for small teams and is often recommended for marketing teams.
3. **ClickUp** packs powerful automations, dashboards, and goals into one platform. It is feature-rich, but it can get pricey on higher tiers.
4. **Monday.com** offers colorful, spreadsheet-style boards, automations, and dashboards that non-technical teams find approachable and easy to use, but advanced reporting is limited on lower tiers.

For most teams, **Notion** is a great starting point, with **Asana** as a solid alternative.

Sources:
- https://www.reddit.com/r/productivity/comments/best-pm-tool/
- https://www.nytimes.com/wirecutter/reviews/best-to-do-list-app/
- https://www.notion.so/product",true,Synthetic,Demo Synthetic Benchmark,2026-07-10,Script-generated synthetic response (not a real AI platform output).
r013,p05,ChatGPT (synthetic),gpt-synthetic-demo,2026-07-10,1,"A few widely used tools fit this need:

1. **Asana** is a mature project management platform known for reliable task tracking, timelines, and workload management. It is powerful for larger teams, but its pricing gets expensive at scale.
2. **Notion** is a flexible all-in-one workspace with docs, wikis, and databases. It is simple to start with ready-made templates and is popular with startups and small teams.
3. **Monday.com** offers colorful, spreadsheet-style boards, automations, and dashboards that non-technical teams find approachable and easy to use, but advanced reporting is limited on lower tiers.

For most teams, **Asana** is a great starting point, with **Notion** as a solid alternative.",false,Synthetic,Demo Synthetic Benchmark,2026-07-10,Script-generated synthetic response (not a real AI platform output).
r014,p05,ChatGPT (synthetic),gpt-synthetic-demo,2026-07-10,2,"A few widely used tools fit this need:

1. **Notion** is a flexible all-in-one workspace with docs, wikis, and databases. It is simple to start with ready-made templates and is popular with startups and small teams.
2. **ClickUp** packs powerful automations, dashboards, and goals into one platform. It is feature-rich, but it can get pricey on higher tiers.
3. **Trello** is a lightweight Kanban tool that is easy to learn and great for simple workflows, with a free plan that appeals to freelancers and small teams.

For most teams, **Notion** is a great starting point, with **ClickUp** as a solid alternative.

Sources:
- https://www.capterra.com/project-management-software/
- https://www.forbes.com/advisor/business/software/best-project-management-software/
- https://www.notion.so/product",true,Synthetic,Demo Synthetic Benchmark,2026-07-10,Script-generated synthetic response (not a real AI platform output).
r015,p05,Claude (synthetic),claude-synthetic-demo,2026-07-10,1,"Based on common recommendations, these tools stand out:

1. **Asana** offers polished task tracking, timelines, and reporting. It is affordable for small teams and is often recommended for marketing teams.
2. **Notion** is a flexible all-in-one workspace with docs, wikis, and databases. It is simple to start with ready-made templates and is popular with startups and small teams.
3. **Trello** uses a simple, intuitive Kanban-board approach that is easy to learn and has a free plan, though it feels limited for complex projects and lacks advanced reporting.
4. **Monday.com** offers colorful, spreadsheet-style boards, automations, and dashboards that non-technical teams find approachable and easy to use, but advanced reporting is limited on lower tiers.
5. **ClickUp** is a highly customizable, all-in-one tool bundling tasks, docs, goals, and automations at an affordable price, though the interface can feel cluttered and the learning curve is steep.

For most teams, **Asana** is a great starting point, with **Notion** as a solid alternative.

Sources:
- https://www.g2.com/categories/project-management
- https://www.nytimes.com/wirecutter/reviews/best-to-do-list-app/
- https://www.reddit.com/r/productivity/comments/best-pm-tool/
- https://asana.com/product",true,Synthetic,Demo Synthetic Benchmark,2026-07-10,Script-generated synthetic response (not a real AI platform output).
r016,p06,Gemini (synthetic),gemini-synthetic-demo,2026-07-10,1,"Based on common recommendations, these tools stand out:

1. **Notion** is an all-in-one workspace that combines docs, wikis, databases, and project boards. Its strength is flexibility and a generous free plan, though it can be overwhelming to set up for beginners.
2. **Asana** offers polished task tracking, timelines, and reporting. It is affordable for small teams and is often recommended for marketing teams.
3. **ClickUp** packs powerful automations, dashboards, and goals into one platform. It is feature-rich, but it can get pricey on higher tiers.
4. **Monday.com** offers colorful, spreadsheet-style boards, automations, and dashboards that non-technical teams find approachable and easy to use, but advanced reporting is limited on lower tiers.

For most teams, **Notion** is a great starting point, with **Asana** as a solid alternative.

Sources:
- https://www.nytimes.com/wirecutter/reviews/best-to-do-list-app/
- https://www.capterra.com/project-management-software/
- https://www.reddit.com/r/productivity/comments/best-pm-tool/
- https://www.notion.so/product",true,Synthetic,Demo Synthetic Benchmark,2026-07-10,Script-generated synthetic response (not a real AI platform output).
r017,p06,ChatGPT (synthetic),gpt-synthetic-demo,2026-07-10,1,"A few widely used tools fit this need:

1. **Notion** is a flexible all-in-one workspace with docs, wikis, and databases. It is simple to start with ready-made templates and is popular with startups and small teams.
2. **Asana** is a mature project management platform known for reliable task tracking, timelines, and workload management. It is powerful for larger teams, but its pricing gets expensive at scale.
3. **Monday.com** offers colorful, spreadsheet-style boards, automations, and dashboards that non-technical teams find approachable and easy to use, but advanced reporting is limited on lower tiers.

For most teams, **Notion** is a great starting point, with **Asana** as a solid alternative.",false,Synthetic,Demo Synthetic Benchmark,2026-07-10,Script-generated synthetic response (not a real AI platform output).
r018,p07,Gemini (synthetic),gemini-synthetic-demo,2026-07-10,1,"A few widely used tools fit this need:

1. **Asana** offers polished task tracking, timelines, and reporting. It is affordable for small teams and is often recommended for marketing teams.
2. **Notion** is an all-in-one workspace that combines docs, wikis, databases, and project boards. Its strength is flexibility and a generous free plan, though it can be overwhelming to set up for beginners.
3. **ClickUp** packs powerful automations, dashboards, and goals into one platform. It is feature-rich, but it can get pricey on higher tiers.
4. **Monday.com** offers colorful, spreadsheet-style boards, automations, and dashboards that non-technical teams find approachable and easy to use, but advanced reporting is limited on lower tiers.
5. **Trello** uses a simple, intuitive Kanban-board approach that is easy to learn and has a free plan, though it feels limited for complex projects and lacks advanced reporting.

For most teams, **Asana** is a great starting point, with **Notion** as a solid alternative.

Sources:
- https://zapier.com/blog/best-project-management-software/
- https://www.g2.com/categories/project-management
- https://asana.com/product",true,Synthetic,Demo Synthetic Benchmark,2026-07-10,Script-generated synthetic response (not a real AI platform output).
r019,p07,Claude (synthetic),claude-synthetic-demo,2026-07-10,1,"Here are some strong options to consider:

1. **Notion** is a flexible all-in-one workspace with docs, wikis, and databases. It is simple to start with ready-made templates and is popular with startups and small teams.
2. **Asana** offers polished task tracking, timelines, and reporting. It is affordable for small teams and is often recommended for marketing teams.

For most teams, **Notion** is a great starting point, with **Asana** as a solid alternative.

Sources:
- https://www.capterra.com/project-management-software/
- https://www.g2.com/categories/project-management
- https://www.notion.so/product",true,Synthetic,Demo Synthetic Benchmark,2026-07-10,Script-generated synthetic response (not a real AI platform output).
r020,p07,Claude (synthetic),claude-synthetic-demo,2026-07-10,2,"Based on common recommendations, these tools stand out:

1. **Notion** is a flexible all-in-one workspace with docs, wikis, and databases. It is simple to start with ready-made templates and is popular with startups and small teams.
2. **Asana** offers polished task tracking, timelines, and reporting. It is affordable for small teams and is often recommended for marketing teams.
3. **Monday.com** offers colorful, spreadsheet-style boards, automations, and dashboards that non-technical teams find approachable and easy to use, but advanced reporting is limited on lower tiers.
4. **Trello** uses a simple, intuitive Kanban-board approach that is easy to learn and has a free plan, though it feels limited for complex projects and lacks advanced reporting.

For most teams, **Notion** is a great starting point, with **Asana** as a solid alternative.

Sources:
- https://www.pcmag.com/picks/the-best-project-management-software
- https://zapier.com/blog/best-project-management-software/
- https://www.reddit.com/r/productivity/comments/best-pm-tool/
- https://www.notion.so/product",true,Synthetic,Demo Synthetic Benchmark,2026-07-10,Script-generated synthetic response (not a real AI platform output).
r021,p08,ChatGPT (synthetic),gpt-synthetic-demo,2026-07-10,1,"Based on common recommendations, these tools stand out:

1. **Asana** is a mature project management platform known for reliable task tracking, timelines, and workload management. It is powerful for larger teams, but its pricing gets expensive at scale.
2. **Notion** is a flexible all-in-one workspace with docs, wikis, and databases. It is simple to start with ready-made templates and is popular with startups and small teams.
3. **Trello** is a lightweight Kanban tool that is easy to learn and great for simple workflows, with a free plan that appeals to freelancers and small teams.
4. **Monday.com** offers colorful, spreadsheet-style boards, automations, and dashboards that non-technical teams find approachable and easy to use, but advanced reporting is limited on lower tiers.

For most teams, **Asana** is a great starting point, with **Notion** as a solid alternative.

Sources:
- https://zapier.com/blog/best-project-management-software/
- https://www.pcmag.com/picks/the-best-project-management-software
- https://www.reddit.com/r/productivity/comments/best-pm-tool/
- https://asana.com/product",true,Synthetic,Demo Synthetic Benchmark,2026-07-10,Script-generated synthetic response (not a real AI platform output).
r022,p08,Gemini (synthetic),gemini-synthetic-demo,2026-07-10,1,"Here are some strong options to consider:

1. **Notion** is an all-in-one workspace that combines docs, wikis, databases, and project boards. Its strength is flexibility and a generous free plan, though it can be overwhelming to set up for beginners.
2. **ClickUp** packs powerful automations, dashboards, and goals into one platform. It is feature-rich, but it can get pricey on higher tiers.

For most teams, **Notion** is a great starting point, with **ClickUp** as a solid alternative.",false,Synthetic,Demo Synthetic Benchmark,2026-07-10,Script-generated synthetic response (not a real AI platform output).
r023,p08,Gemini (synthetic),gemini-synthetic-demo,2026-07-10,2,"A few widely used tools fit this need:

1. **Notion** is an all-in-one workspace that combines docs, wikis, databases, and project boards. Its strength is flexibility and a generous free plan, though it can be overwhelming to set up for beginners.
2. **Asana** offers polished task tracking, timelines, and reporting. It is affordable for small teams and is often recommended for marketing teams.
3. **ClickUp** packs powerful automations, dashboards, and goals into one platform. It is feature-rich, but it can get pricey on higher tiers.

For most teams, **Notion** is a great starting point, with **Asana** as a solid alternative.

Sources:
- https://www.capterra.com/project-management-software/
- https://www.nytimes.com/wirecutter/reviews/best-to-do-list-app/
- https://www.notion.so/product",true,Synthetic,Demo Synthetic Benchmark,2026-07-10,Script-generated synthetic response (not a real AI platform output).
r024,p09,Claude (synthetic),claude-synthetic-demo,2026-07-10,1,"A few widely used tools fit this need:

1. **Trello** uses a simple, intuitive Kanban-board approach that is easy to learn and has a free plan, though it feels limited for complex projects and lacks advanced reporting.
2. **ClickUp** is a highly customizable, all-in-one tool bundling tasks, docs, goals, and automations at an affordable price, though the interface can feel cluttered and the learning curve is steep.
3. **Monday.com** offers colorful, spreadsheet-style boards, automations, and dashboards that non-technical teams find approachable and easy to use, but advanced reporting is limited on lower tiers.

For most teams, **Trello** is a great starting point, with **ClickUp** as a solid alternative.

Sources:
- https://www.g2.com/categories/project-management
- https://www.capterra.com/project-management-software/
- https://trello.com/tour",true,Synthetic,Demo Synthetic Benchmark,2026-07-10,Script-generated synthetic response (not a real AI platform output).
r025,p09,ChatGPT (synthetic),gpt-synthetic-demo,2026-07-10,1,"Here are some strong options to consider:

1. **Notion** is a flexible all-in-one workspace with docs, wikis, and databases. It is simple to start with ready-made templates and is popular with startups and small teams.
2. **Asana** is a mature project management platform known for reliable task tracking, timelines, and workload management. It is powerful for larger teams, but its pricing gets expensive at scale.
3. **Monday.com** offers colorful, spreadsheet-style boards, automations, and dashboards that non-technical teams find approachable and easy to use, but advanced reporting is limited on lower tiers.
4. **ClickUp** packs powerful automations, dashboards, and goals into one platform. It is feature-rich, but it can get pricey on higher tiers.

For most teams, **Notion** is a great starting point, with **Asana** as a solid alternative.

Sources:
- https://www.pcmag.com/picks/the-best-project-management-software
- https://www.nytimes.com/wirecutter/reviews/best-to-do-list-app/
- https://zapier.com/blog/best-project-management-software/
- https://www.notion.so/product",true,Synthetic,Demo Synthetic Benchmark,2026-07-10,Script-generated synthetic response (not a real AI platform output).
r026,p10,Gemini (synthetic),gemini-synthetic-demo,2026-07-10,1,"Several popular platforms could work well here:

1. **Asana** offers polished task tracking, timelines, and reporting. It is affordable for small teams and is often recommended for marketing teams.
2. **Monday.com** offers colorful, spreadsheet-style boards, automations, and dashboards that non-technical teams find approachable and easy to use, but advanced reporting is limited on lower tiers.
3. **Trello** uses a simple, intuitive Kanban-board approach that is easy to learn and has a free plan, though it feels limited for complex projects and lacks advanced reporting.

For most teams, **Asana** is a great starting point, with **Monday.com** as a solid alternative.

Sources:
- https://www.g2.com/categories/project-management
- https://www.capterra.com/project-management-software/
- https://www.forbes.com/advisor/business/software/best-project-management-software/
- https://asana.com/product",true,Synthetic,Demo Synthetic Benchmark,2026-07-10,Script-generated synthetic response (not a real AI platform output).
r027,p10,ChatGPT (synthetic),gpt-synthetic-demo,2026-07-10,1,"A few widely used tools fit this need:

1. **Notion** is a flexible all-in-one workspace with docs, wikis, and databases. It is simple to start with ready-made templates and is popular with startups and small teams.
2. **ClickUp** packs powerful automations, dashboards, and goals into one platform. It is feature-rich, but it can get pricey on higher tiers.
3. **Asana** is a mature project management platform known for reliable task tracking, timelines, and workload management. It is powerful for larger teams, but its pricing gets expensive at scale.
4. **Monday.com** offers colorful, spreadsheet-style boards, automations, and dashboards that non-technical teams find approachable and easy to use, but advanced reporting is limited on lower tiers.

For most teams, **Notion** is a great starting point, with **ClickUp** as a solid alternative.

Sources:
- https://www.forbes.com/advisor/business/software/best-project-management-software/
- https://www.nytimes.com/wirecutter/reviews/best-to-do-list-app/
- https://www.notion.so/product",true,Synthetic,Demo Synthetic Benchmark,2026-07-10,Script-generated synthetic response (not a real AI platform output).
r028,p10,ChatGPT (synthetic),gpt-synthetic-demo,2026-07-10,2,"Several popular platforms could work well here:

1. **Notion** is a flexible all-in-one workspace with docs, wikis, and databases. It is simple to start with ready-made templates and is popular with startups and small teams.
2. **Asana** is a mature project management platform known for reliable task tracking, timelines, and workload management. It is powerful for larger teams, but its pricing gets expensive at scale.
3. **ClickUp** packs powerful automations, dashboards, and goals into one platform. It is feature-rich, but it can get pricey on higher tiers.
4. **Monday.com** offers colorful, spreadsheet-style boards, automations, and dashboards that non-technical teams find approachable and easy to use, but advanced reporting is limited on lower tiers.

For most teams, **Notion** is a great starting point, with **Asana** as a solid alternative.",false,Synthetic,Demo Synthetic Benchmark,2026-07-10,Script-generated synthetic response (not a real AI platform output).
r029,p11,Gemini (synthetic),gemini-synthetic-demo,2026-07-10,1,"A few widely used tools fit this need:

1. **Notion** is an all-in-one workspace that combines docs, wikis, databases, and project boards. Its strength is flexibility and a generous free plan, though it can be overwhelming to set up for beginners.
2. **Asana** offers polished task tracking, timelines, and reporting. It is affordable for small teams and is often recommended for marketing teams.
3. **Monday.com** offers colorful, spreadsheet-style boards, automations, and dashboards that non-technical teams find approachable and easy to use, but advanced reporting is limited on lower tiers.
4. **Trello** uses a simple, intuitive Kanban-board approach that is easy to learn and has a free plan, though it feels limited for complex projects and lacks advanced reporting.

For most teams, **Notion** is a great starting point, with **Asana** as a solid alternative.",false,Synthetic,Demo Synthetic Benchmark,2026-07-10,Script-generated synthetic response (not a real AI platform output).
r030,p11,ChatGPT (synthetic),gpt-synthetic-demo,2026-07-10,1,"A few widely used tools fit this need:

1. **Notion** is a flexible all-in-one workspace with docs, wikis, and databases. It is simple to start with ready-made templates and is popular with startups and small teams.
2. **Asana** is a mature project management platform known for reliable task tracking, timelines, and workload management. It is powerful for larger teams, but its pricing gets expensive at scale.
3. **ClickUp** packs powerful automations, dashboards, and goals into one platform. It is feature-rich, but it can get pricey on higher tiers.
4. **Trello** is a lightweight Kanban tool that is easy to learn and great for simple workflows, with a free plan that appeals to freelancers and small teams.

For most teams, **Notion** is a great starting point, with **Asana** as a solid alternative.

Sources:
- https://zapier.com/blog/best-project-management-software/
- https://www.capterra.com/project-management-software/
- https://www.g2.com/categories/project-management
- https://www.notion.so/product",true,Synthetic,Demo Synthetic Benchmark,2026-07-10,Script-generated synthetic response (not a real AI platform output).
r031,p12,ChatGPT (synthetic),gpt-synthetic-demo,2026-07-10,1,"Several popular platforms could work well here:

1. **Notion** is a flexible all-in-one workspace with docs, wikis, and databases. It is simple to start with ready-made templates and is popular with startups and small teams.
2. **Asana** is a mature project management platform known for reliable task tracking, timelines, and workload management. It is powerful for larger teams, but its pricing gets expensive at scale.
3. **Monday.com** offers colorful, spreadsheet-style boards, automations, and dashboards that non-technical teams find approachable and easy to use, but advanced reporting is limited on lower tiers.
4. **Trello** is a lightweight Kanban tool that is easy to learn and great for simple workflows, with a free plan that appeals to freelancers and small teams.
5. **ClickUp** packs powerful automations, dashboards, and goals into one platform. It is feature-rich, but it can get pricey on higher tiers.

For most teams, **Notion** is a great starting point, with **Asana** as a solid alternative.

Sources:
- https://www.forbes.com/advisor/business/software/best-project-management-software/
- https://www.g2.com/categories/project-management
- https://www.notion.so/product",true,Synthetic,Demo Synthetic Benchmark,2026-07-10,Script-generated synthetic response (not a real AI platform output).
r032,p12,ChatGPT (synthetic),gpt-synthetic-demo,2026-07-10,2,"Based on common recommendations, these tools stand out:

1. **Notion** is a flexible all-in-one workspace with docs, wikis, and databases. It is simple to start with ready-made templates and is popular with startups and small teams.
2. **Asana** is a mature project management platform known for reliable task tracking, timelines, and workload management. It is powerful for larger teams, but its pricing gets expensive at scale.
3. **ClickUp** packs powerful automations, dashboards, and goals into one platform. It is feature-rich, but it can get pricey on higher tiers.
4. **Monday.com** offers colorful, spreadsheet-style boards, automations, and dashboards that non-technical teams find approachable and easy to use, but advanced reporting is limited on lower tiers.
5. **Trello** is a lightweight Kanban tool that is easy to learn and great for simple workflows, with a free plan that appeals to freelancers and small teams.

For most teams, **Notion** is a great starting point, with **Asana** as a solid alternative.",false,Synthetic,Demo Synthetic Benchmark,2026-07-10,Script-generated synthetic response (not a real AI platform output).
r033,p12,Claude (synthetic),claude-synthetic-demo,2026-07-10,1,"Based on common recommendations, these tools stand out:

1. **Asana** offers polished task tracking, timelines, and reporting. It is affordable for small teams and is often recommended for marketing teams.
2. **Notion** is a flexible all-in-one workspace with docs, wikis, and databases. It is simple to start with ready-made templates and is popular with startups and small teams.

For most teams, **Asana** is a great starting point, with **Notion** as a solid alternative.

Sources:
- https://www.reddit.com/r/productivity/comments/best-pm-tool/
- https://www.nytimes.com/wirecutter/reviews/best-to-do-list-app/
- https://asana.com/product",true,Synthetic,Demo Synthetic Benchmark,2026-07-10,Script-generated synthetic response (not a real AI platform output).
r034,p13,ChatGPT (synthetic),gpt-synthetic-demo,2026-07-10,1,"Several popular platforms could work well here:

1. **Notion** is a flexible all-in-one workspace with docs, wikis, and databases. It is simple to start with ready-made templates and is popular with startups and small teams.
2. **Asana** is a mature project management platform known for reliable task tracking, timelines, and workload management. It is powerful for larger teams, but its pricing gets expensive at scale.
3. **ClickUp** packs powerful automations, dashboards, and goals into one platform. It is feature-rich, but it can get pricey on higher tiers.

For most teams, **Notion** is a great starting point, with **Asana** as a solid alternative.",false,Synthetic,Demo Synthetic Benchmark,2026-07-10,Script-generated synthetic response (not a real AI platform output).
r035,p13,ChatGPT (synthetic),gpt-synthetic-demo,2026-07-10,2,"A few widely used tools fit this need:

1. **Notion** is a flexible all-in-one workspace with docs, wikis, and databases. It is simple to start with ready-made templates and is popular with startups and small teams.
2. **ClickUp** packs powerful automations, dashboards, and goals into one platform. It is feature-rich, but it can get pricey on higher tiers.
3. **Trello** is a lightweight Kanban tool that is easy to learn and great for simple workflows, with a free plan that appeals to freelancers and small teams.

For most teams, **Notion** is a great starting point, with **ClickUp** as a solid alternative.

Sources:
- https://www.forbes.com/advisor/business/software/best-project-management-software/
- https://zapier.com/blog/best-project-management-software/
- https://www.notion.so/product",true,Synthetic,Demo Synthetic Benchmark,2026-07-10,Script-generated synthetic response (not a real AI platform output).
r036,p13,Claude (synthetic),claude-synthetic-demo,2026-07-10,1,"A few widely used tools fit this need:

1. **Notion** is a flexible all-in-one workspace with docs, wikis, and databases. It is simple to start with ready-made templates and is popular with startups and small teams.
2. **ClickUp** is a highly customizable, all-in-one tool bundling tasks, docs, goals, and automations at an affordable price, though the interface can feel cluttered and the learning curve is steep.
3. **Monday.com** offers colorful, spreadsheet-style boards, automations, and dashboards that non-technical teams find approachable and easy to use, but advanced reporting is limited on lower tiers.
4. **Trello** uses a simple, intuitive Kanban-board approach that is easy to learn and has a free plan, though it feels limited for complex projects and lacks advanced reporting.

For most teams, **Notion** is a great starting point, with **ClickUp** as a solid alternative.

Sources:
- https://www.reddit.com/r/productivity/comments/best-pm-tool/
- https://www.pcmag.com/picks/the-best-project-management-software
- https://www.notion.so/product",true,Synthetic,Demo Synthetic Benchmark,2026-07-10,Script-generated synthetic response (not a real AI platform output).
r037,p13,Claude (synthetic),claude-synthetic-demo,2026-07-10,2,"Several popular platforms could work well here:

1. **Notion** is a flexible all-in-one workspace with docs, wikis, and databases. It is simple to start with ready-made templates and is popular with startups and small teams.
2. **Asana** offers polished task tracking, timelines, and reporting. It is affordable for small teams and is often recommended for marketing teams.
3. **Monday.com** offers colorful, spreadsheet-style boards, automations, and dashboards that non-technical teams find approachable and easy to use, but advanced reporting is limited on lower tiers.
4. **ClickUp** is a highly customizable, all-in-one tool bundling tasks, docs, goals, and automations at an affordable price, though the interface can feel cluttered and the learning curve is steep.
5. **Trello** uses a simple, intuitive Kanban-board approach that is easy to learn and has a free plan, though it feels limited for complex projects and lacks advanced reporting.

For most teams, **Notion** is a great starting point, with **Asana** as a solid alternative.

Sources:
- https://www.capterra.com/project-management-software/
- https://www.g2.com/categories/project-management
- https://www.notion.so/product",true,Synthetic,Demo Synthetic Benchmark,2026-07-10,Script-generated synthetic response (not a real AI platform output).
r038,p14,Claude (synthetic),claude-synthetic-demo,2026-07-10,1,"Here are some strong options to consider:

1. **Notion** is a flexible all-in-one workspace with docs, wikis, and databases. It is simple to start with ready-made templates and is popular with startups and small teams.
2. **ClickUp** is a highly customizable, all-in-one tool bundling tasks, docs, goals, and automations at an affordable price, though the interface can feel cluttered and the learning curve is steep.
3. **Trello** uses a simple, intuitive Kanban-board approach that is easy to learn and has a free plan, though it feels limited for complex projects and lacks advanced reporting.

For most teams, **Notion** is a great starting point, with **ClickUp** as a solid alternative.

Sources:
- https://www.capterra.com/project-management-software/
- https://www.g2.com/categories/project-management
- https://www.reddit.com/r/productivity/comments/best-pm-tool/
- https://www.notion.so/product",true,Synthetic,Demo Synthetic Benchmark,2026-07-10,Script-generated synthetic response (not a real AI platform output).
r039,p14,Gemini (synthetic),gemini-synthetic-demo,2026-07-10,1,"Based on common recommendations, these tools stand out:

1. **Asana** offers polished task tracking, timelines, and reporting. It is affordable for small teams and is often recommended for marketing teams.
2. **Notion** is an all-in-one workspace that combines docs, wikis, databases, and project boards. Its strength is flexibility and a generous free plan, though it can be overwhelming to set up for beginners.
3. **ClickUp** packs powerful automations, dashboards, and goals into one platform. It is feature-rich, but it can get pricey on higher tiers.
4. **Monday.com** offers colorful, spreadsheet-style boards, automations, and dashboards that non-technical teams find approachable and easy to use, but advanced reporting is limited on lower tiers.

For most teams, **Asana** is a great starting point, with **Notion** as a solid alternative.",false,Synthetic,Demo Synthetic Benchmark,2026-07-10,Script-generated synthetic response (not a real AI platform output).
r040,p14,Gemini (synthetic),gemini-synthetic-demo,2026-07-10,2,"Here are some strong options to consider:

1. **Monday.com** offers colorful, spreadsheet-style boards, automations, and dashboards that non-technical teams find approachable and easy to use, but advanced reporting is limited on lower tiers.
2. **Asana** offers polished task tracking, timelines, and reporting. It is affordable for small teams and is often recommended for marketing teams.
3. **Trello** uses a simple, intuitive Kanban-board approach that is easy to learn and has a free plan, though it feels limited for complex projects and lacks advanced reporting.

For most teams, **Monday.com** is a great starting point, with **Asana** as a solid alternative.

Sources:
- https://www.nytimes.com/wirecutter/reviews/best-to-do-list-app/
- https://www.forbes.com/advisor/business/software/best-project-management-software/
- https://zapier.com/blog/best-project-management-software/
- https://monday.com/product",true,Synthetic,Demo Synthetic Benchmark,2026-07-10,Script-generated synthetic response (not a real AI platform output).
r041,p15,ChatGPT (synthetic),gpt-synthetic-demo,2026-07-10,1,"Several popular platforms could work well here:

1. **Notion** is a flexible all-in-one workspace with docs, wikis, and databases. It is simple to start with ready-made templates and is popular with startups and small teams.
2. **Asana** is a mature project management platform known for reliable task tracking, timelines, and workload management. It is powerful for larger teams, but its pricing gets expensive at scale.
3. **Trello** is a lightweight Kanban tool that is easy to learn and great for simple workflows, with a free plan that appeals to freelancers and small teams.
4. **Monday.com** offers colorful, spreadsheet-style boards, automations, and dashboards that non-technical teams find approachable and easy to use, but advanced reporting is limited on lower tiers.

For most teams, **Notion** is a great starting point, with **Asana** as a solid alternative.

Sources:
- https://www.reddit.com/r/productivity/comments/best-pm-tool/
- https://www.g2.com/categories/project-management
- https://www.notion.so/product",true,Synthetic,Demo Synthetic Benchmark,2026-07-10,Script-generated synthetic response (not a real AI platform output).
r042,p15,Gemini (synthetic),gemini-synthetic-demo,2026-07-10,1,"A few widely used tools fit this need:

1. **Notion** is an all-in-one workspace that combines docs, wikis, databases, and project boards. Its strength is flexibility and a generous free plan, though it can be overwhelming to set up for beginners.
2. **Trello** uses a simple, intuitive Kanban-board approach that is easy to learn and has a free plan, though it feels limited for complex projects and lacks advanced reporting.

For most teams, **Notion** is a great starting point, with **Trello** as a solid alternative.

Sources:
- https://www.pcmag.com/picks/the-best-project-management-software
- https://zapier.com/blog/best-project-management-software/
- https://www.notion.so/product",true,Synthetic,Demo Synthetic Benchmark,2026-07-10,Script-generated synthetic response (not a real AI platform output).
r043,p15,Gemini (synthetic),gemini-synthetic-demo,2026-07-10,2,"Several popular platforms could work well here:

1. **Notion** is an all-in-one workspace that combines docs, wikis, databases, and project boards. Its strength is flexibility and a generous free plan, though it can be overwhelming to set up for beginners.
2. **Asana** offers polished task tracking, timelines, and reporting. It is affordable for small teams and is often recommended for marketing teams.
3. **ClickUp** packs powerful automations, dashboards, and goals into one platform. It is feature-rich, but it can get pricey on higher tiers.
4. **Monday.com** offers colorful, spreadsheet-style boards, automations, and dashboards that non-technical teams find approachable and easy to use, but advanced reporting is limited on lower tiers.

For most teams, **Notion** is a great starting point, with **Asana** as a solid alternative.

Sources:
- https://www.pcmag.com/picks/the-best-project-management-software
- https://www.capterra.com/project-management-software/
- https://www.reddit.com/r/productivity/comments/best-pm-tool/
- https://www.notion.so/product",true,Synthetic,Demo Synthetic Benchmark,2026-07-10,Script-generated synthetic response (not a real AI platform output).
r044,p16,Claude (synthetic),claude-synthetic-demo,2026-07-10,1,"Several popular platforms could work well here:

1. **Notion** is a flexible all-in-one workspace with docs, wikis, and databases. It is simple to start with ready-made templates and is popular with startups and small teams.
2. **Asana** offers polished task tracking, timelines, and reporting. It is affordable for small teams and is often recommended for marketing teams.
3. **Monday.com** offers colorful, spreadsheet-style boards, automations, and dashboards that non-technical teams find approachable and easy to use, but advanced reporting is limited on lower tiers.
4. **ClickUp** is a highly customizable, all-in-one tool bundling tasks, docs, goals, and automations at an affordable price, though the interface can feel cluttered and the learning curve is steep.
5. **Trello** uses a simple, intuitive Kanban-board approach that is easy to learn and has a free plan, though it feels limited for complex projects and lacks advanced reporting.

For most teams, **Notion** is a great starting point, with **Asana** as a solid alternative.

Sources:
- https://www.nytimes.com/wirecutter/reviews/best-to-do-list-app/
- https://www.g2.com/categories/project-management
- https://www.notion.so/product",true,Synthetic,Demo Synthetic Benchmark,2026-07-10,Script-generated synthetic response (not a real AI platform output).
r045,p16,Gemini (synthetic),gemini-synthetic-demo,2026-07-10,1,"Based on common recommendations, these tools stand out:

1. **Asana** offers polished task tracking, timelines, and reporting. It is affordable for small teams and is often recommended for marketing teams.
2. **Notion** is an all-in-one workspace that combines docs, wikis, databases, and project boards. Its strength is flexibility and a generous free plan, though it can be overwhelming to set up for beginners.
3. **ClickUp** packs powerful automations, dashboards, and goals into one platform. It is feature-rich, but it can get pricey on higher tiers.
4. **Monday.com** offers colorful, spreadsheet-style boards, automations, and dashboards that non-technical teams find approachable and easy to use, but advanced reporting is limited on lower tiers.

For most teams, **Asana** is a great starting point, with **Notion** as a solid alternative.

Sources:
- https://www.forbes.com/advisor/business/software/best-project-management-software/
- https://www.g2.com/categories/project-management
- https://www.nytimes.com/wirecutter/reviews/best-to-do-list-app/
- https://asana.com/product",true,Synthetic,Demo Synthetic Benchmark,2026-07-10,Script-generated synthetic response (not a real AI platform output).
r046,p16,Gemini (synthetic),gemini-synthetic-demo,2026-07-10,2,"Several popular platforms could work well here:

1. **Notion** is an all-in-one workspace that combines docs, wikis, databases, and project boards. Its strength is flexibility and a generous free plan, though it can be overwhelming to set up for beginners.
2. **ClickUp** packs powerful automations, dashboards, and goals into one platform. It is feature-rich, but it can get pricey on higher tiers.
3. **Trello** uses a simple, intuitive Kanban-board approach that is easy to learn and has a free plan, though it feels limited for complex projects and lacks advanced reporting.

For most teams, **Notion** is a great starting point, with **ClickUp** as a solid alternative.",false,Synthetic,Demo Synthetic Benchmark,2026-07-10,Script-generated synthetic response (not a real AI platform output).
r047,p17,Gemini (synthetic),gemini-synthetic-demo,2026-07-10,1,"Based on common recommendations, these tools stand out:

1. **Notion** is an all-in-one workspace that combines docs, wikis, databases, and project boards. Its strength is flexibility and a generous free plan, though it can be overwhelming to set up for beginners.
2. **Asana** offers polished task tracking, timelines, and reporting. It is affordable for small teams and is often recommended for marketing teams.
3. **ClickUp** packs powerful automations, dashboards, and goals into one platform. It is feature-rich, but it can get pricey on higher tiers.
4. **Trello** uses a simple, intuitive Kanban-board approach that is easy to learn and has a free plan, though it feels limited for complex projects and lacks advanced reporting.
5. **Monday.com** offers colorful, spreadsheet-style boards, automations, and dashboards that non-technical teams find approachable and easy to use, but advanced reporting is limited on lower tiers.

For most teams, **Notion** is a great starting point, with **Asana** as a solid alternative.

Sources:
- https://www.pcmag.com/picks/the-best-project-management-software
- https://www.reddit.com/r/productivity/comments/best-pm-tool/
- https://www.forbes.com/advisor/business/software/best-project-management-software/
- https://www.notion.so/product",true,Synthetic,Demo Synthetic Benchmark,2026-07-10,Script-generated synthetic response (not a real AI platform output).
r048,p17,ChatGPT (synthetic),gpt-synthetic-demo,2026-07-10,1,"A few widely used tools fit this need:

1. **Asana** is a mature project management platform known for reliable task tracking, timelines, and workload management. It is powerful for larger teams, but its pricing gets expensive at scale.
2. **Notion** is a flexible all-in-one workspace with docs, wikis, and databases. It is simple to start with ready-made templates and is popular with startups and small teams.
3. **Monday.com** offers colorful, spreadsheet-style boards, automations, and dashboards that non-technical teams find approachable and easy to use, but advanced reporting is limited on lower tiers.
4. **ClickUp** packs powerful automations, dashboards, and goals into one platform. It is feature-rich, but it can get pricey on higher tiers.
5. **Trello** is a lightweight Kanban tool that is easy to learn and great for simple workflows, with a free plan that appeals to freelancers and small teams.

For most teams, **Asana** is a great starting point, with **Notion** as a solid alternative.

Sources:
- https://zapier.com/blog/best-project-management-software/
- https://www.nytimes.com/wirecutter/reviews/best-to-do-list-app/
- https://www.capterra.com/project-management-software/
- https://asana.com/product",true,Synthetic,Demo Synthetic Benchmark,2026-07-10,Script-generated synthetic response (not a real AI platform output).
r049,p17,ChatGPT (synthetic),gpt-synthetic-demo,2026-07-10,2,"Several popular platforms could work well here:

1. **Notion** is a flexible all-in-one workspace with docs, wikis, and databases. It is simple to start with ready-made templates and is popular with startups and small teams.
2. **Asana** is a mature project management platform known for reliable task tracking, timelines, and workload management. It is powerful for larger teams, but its pricing gets expensive at scale.
3. **Monday.com** offers colorful, spreadsheet-style boards, automations, and dashboards that non-technical teams find approachable and easy to use, but advanced reporting is limited on lower tiers.
4. **Trello** is a lightweight Kanban tool that is easy to learn and great for simple workflows, with a free plan that appeals to freelancers and small teams.

For most teams, **Notion** is a great starting point, with **Asana** as a solid alternative.

Sources:
- https://www.g2.com/categories/project-management
- https://zapier.com/blog/best-project-management-software/
- https://www.notion.so/product",true,Synthetic,Demo Synthetic Benchmark,2026-07-10,Script-generated synthetic response (not a real AI platform output).
r050,p18,Claude (synthetic),claude-synthetic-demo,2026-07-10,1,"Based on common recommendations, these tools stand out:

1. **Asana** offers polished task tracking, timelines, and reporting. It is affordable for small teams and is often recommended for marketing teams.
2. **Notion** is a flexible all-in-one workspace with docs, wikis, and databases. It is simple to start with ready-made templates and is popular with startups and small teams.
3. **ClickUp** is a highly customizable, all-in-one tool bundling tasks, docs, goals, and automations at an affordable price, though the interface can feel cluttered and the learning curve is steep.
4. **Trello** uses a simple, intuitive Kanban-board approach that is easy to learn and has a free plan, though it feels limited for complex projects and lacks advanced reporting.

For most teams, **Asana** is a great starting point, with **Notion** as a solid alternative.",false,Synthetic,Demo Synthetic Benchmark,2026-07-10,Script-generated synthetic response (not a real AI platform output).
r051,p18,Claude (synthetic),claude-synthetic-demo,2026-07-10,2,"Here are some strong options to consider:

1. **Notion** is a flexible all-in-one workspace with docs, wikis, and databases. It is simple to start with ready-made templates and is popular with startups and small teams.
2. **Asana** offers polished task tracking, timelines, and reporting. It is affordable for small teams and is often recommended for marketing teams.
3. **Monday.com** offers colorful, spreadsheet-style boards, automations, and dashboards that non-technical teams find approachable and easy to use, but advanced reporting is limited on lower tiers.

For most teams, **Notion** is a great starting point, with **Asana** as a solid alternative.",false,Synthetic,Demo Synthetic Benchmark,2026-07-10,Script-generated synthetic response (not a real AI platform output).
r052,p18,ChatGPT (synthetic),gpt-synthetic-demo,2026-07-10,1,"Based on common recommendations, these tools stand out:

1. **Asana** is a mature project management platform known for reliable task tracking, timelines, and workload management. It is powerful for larger teams, but its pricing gets expensive at scale.
2. **Notion** is a flexible all-in-one workspace with docs, wikis, and databases. It is simple to start with ready-made templates and is popular with startups and small teams.
3. **ClickUp** packs powerful automations, dashboards, and goals into one platform. It is feature-rich, but it can get pricey on higher tiers.
4. **Trello** is a lightweight Kanban tool that is easy to learn and great for simple workflows, with a free plan that appeals to freelancers and small teams.

For most teams, **Asana** is a great starting point, with **Notion** as a solid alternative.

Sources:
- https://www.forbes.com/advisor/business/software/best-project-management-software/
- https://www.g2.com/categories/project-management
- https://asana.com/product",true,Synthetic,Demo Synthetic Benchmark,2026-07-10,Script-generated synthetic response (not a real AI platform output).
r053,p18,ChatGPT (synthetic),gpt-synthetic-demo,2026-07-10,2,"Here are some strong options to consider:

1. **Notion** is a flexible all-in-one workspace with docs, wikis, and databases. It is simple to start with ready-made templates and is popular with startups and small teams.
2. **ClickUp** packs powerful automations, dashboards, and goals into one platform. It is feature-rich, but it can get pricey on higher tiers.
3. **Monday.com** offers colorful, spreadsheet-style boards, automations, and dashboards that non-technical teams find approachable and easy to use, but advanced reporting is limited on lower tiers.

For most teams, **Notion** is a great starting point, with **ClickUp** as a solid alternative.

Sources:
- https://www.g2.com/categories/project-management
- https://www.reddit.com/r/productivity/comments/best-pm-tool/
- https://www.pcmag.com/picks/the-best-project-management-software
- https://www.notion.so/product",true,Synthetic,Demo Synthetic Benchmark,2026-07-10,Script-generated synthetic response (not a real AI platform output).
r054,p19,ChatGPT (synthetic),gpt-synthetic-demo,2026-07-10,1,"Based on common recommendations, these tools stand out:

1. **Notion** is a flexible all-in-one workspace with docs, wikis, and databases. It is simple to start with ready-made templates and is popular with startups and small teams.
2. **Monday.com** offers colorful, spreadsheet-style boards, automations, and dashboards that non-technical teams find approachable and easy to use, but advanced reporting is limited on lower tiers.
3. **Asana** is a mature project management platform known for reliable task tracking, timelines, and workload management. It is powerful for larger teams, but its pricing gets expensive at scale.
4. **Trello** is a lightweight Kanban tool that is easy to learn and great for simple workflows, with a free plan that appeals to freelancers and small teams.

For most teams, **Notion** is a great starting point, with **Monday.com** as a solid alternative.

Sources:
- https://www.forbes.com/advisor/business/software/best-project-management-software/
- https://www.nytimes.com/wirecutter/reviews/best-to-do-list-app/
- https://www.g2.com/categories/project-management
- https://www.notion.so/product",true,Synthetic,Demo Synthetic Benchmark,2026-07-10,Script-generated synthetic response (not a real AI platform output).
r055,p19,Claude (synthetic),claude-synthetic-demo,2026-07-10,1,"Several popular platforms could work well here:

1. **Notion** is a flexible all-in-one workspace with docs, wikis, and databases. It is simple to start with ready-made templates and is popular with startups and small teams.
2. **Monday.com** offers colorful, spreadsheet-style boards, automations, and dashboards that non-technical teams find approachable and easy to use, but advanced reporting is limited on lower tiers.
3. **Asana** offers polished task tracking, timelines, and reporting. It is affordable for small teams and is often recommended for marketing teams.

For most teams, **Notion** is a great starting point, with **Monday.com** as a solid alternative.

Sources:
- https://www.pcmag.com/picks/the-best-project-management-software
- https://zapier.com/blog/best-project-management-software/
- https://www.forbes.com/advisor/business/software/best-project-management-software/
- https://www.notion.so/product",true,Synthetic,Demo Synthetic Benchmark,2026-07-10,Script-generated synthetic response (not a real AI platform output).
r056,p19,Claude (synthetic),claude-synthetic-demo,2026-07-10,2,"Here are some strong options to consider:

1. **Notion** is a flexible all-in-one workspace with docs, wikis, and databases. It is simple to start with ready-made templates and is popular with startups and small teams.
2. **Trello** uses a simple, intuitive Kanban-board approach that is easy to learn and has a free plan, though it feels limited for complex projects and lacks advanced reporting.
3. **Monday.com** offers colorful, spreadsheet-style boards, automations, and dashboards that non-technical teams find approachable and easy to use, but advanced reporting is limited on lower tiers.

For most teams, **Notion** is a great starting point, with **Trello** as a solid alternative.

Sources:
- https://www.pcmag.com/picks/the-best-project-management-software
- https://www.forbes.com/advisor/business/software/best-project-management-software/
- https://www.notion.so/product",true,Synthetic,Demo Synthetic Benchmark,2026-07-10,Script-generated synthetic response (not a real AI platform output).
r057,p20,Gemini (synthetic),gemini-synthetic-demo,2026-07-10,1,"Several popular platforms could work well here:

1. **Notion** is an all-in-one workspace that combines docs, wikis, databases, and project boards. Its strength is flexibility and a generous free plan, though it can be overwhelming to set up for beginners.
2. **Asana** offers polished task tracking, timelines, and reporting. It is affordable for small teams and is often recommended for marketing teams.
3. **Monday.com** offers colorful, spreadsheet-style boards, automations, and dashboards that non-technical teams find approachable and easy to use, but advanced reporting is limited on lower tiers.
4. **ClickUp** packs powerful automations, dashboards, and goals into one platform. It is feature-rich, but it can get pricey on higher tiers.

For most teams, **Notion** is a great starting point, with **Asana** as a solid alternative.

Sources:
- https://www.reddit.com/r/productivity/comments/best-pm-tool/
- https://www.capterra.com/project-management-software/
- https://www.pcmag.com/picks/the-best-project-management-software
- https://www.notion.so/product",true,Synthetic,Demo Synthetic Benchmark,2026-07-10,Script-generated synthetic response (not a real AI platform output).
r058,p20,ChatGPT (synthetic),gpt-synthetic-demo,2026-07-10,1,"A few widely used tools fit this need:

1. **Notion** is a flexible all-in-one workspace with docs, wikis, and databases. It is simple to start with ready-made templates and is popular with startups and small teams.
2. **Asana** is a mature project management platform known for reliable task tracking, timelines, and workload management. It is powerful for larger teams, but its pricing gets expensive at scale.
3. **Monday.com** offers colorful, spreadsheet-style boards, automations, and dashboards that non-technical teams find approachable and easy to use, but advanced reporting is limited on lower tiers.
4. **Trello** is a lightweight Kanban tool that is easy to learn and great for simple workflows, with a free plan that appeals to freelancers and small teams.

For most teams, **Notion** is a great starting point, with **Asana** as a solid alternative.

Sources:
- https://www.reddit.com/r/productivity/comments/best-pm-tool/
- https://www.forbes.com/advisor/business/software/best-project-management-software/
- https://www.notion.so/product",true,Synthetic,Demo Synthetic Benchmark,2026-07-10,Script-generated synthetic response (not a real AI platform output).
r059,p20,ChatGPT (synthetic),gpt-synthetic-demo,2026-07-10,2,"A few widely used tools fit this need:

1. **Notion** is a flexible all-in-one workspace with docs, wikis, and databases. It is simple to start with ready-made templates and is popular with startups and small teams.
2. **Asana** is a mature project management platform known for reliable task tracking, timelines, and workload management. It is powerful for larger teams, but its pricing gets expensive at scale.
3. **Monday.com** offers colorful, spreadsheet-style boards, automations, and dashboards that non-technical teams find approachable and easy to use, but advanced reporting is limited on lower tiers.
4. **Trello** is a lightweight Kanban tool that is easy to learn and great for simple workflows, with a free plan that appeals to freelancers and small teams.

For most teams, **Notion** is a great starting point, with **Asana** as a solid alternative.",false,Synthetic,Demo Synthetic Benchmark,2026-07-10,Script-generated synthetic response (not a real AI platform output).
r060,p21,Claude (synthetic),claude-synthetic-demo,2026-07-10,1,"Here are some strong options to consider:

1. **Notion** is a flexible all-in-one workspace with docs, wikis, and databases. It is simple to start with ready-made templates and is popular with startups and small teams.
2. **Asana** offers polished task tracking, timelines, and reporting. It is affordable for small teams and is often recommended for marketing teams.
3. **ClickUp** is a highly customizable, all-in-one tool bundling tasks, docs, goals, and automations at an affordable price, though the interface can feel cluttered and the learning curve is steep.
4. **Trello** uses a simple, intuitive Kanban-board approach that is easy to learn and has a free plan, though it feels limited for complex projects and lacks advanced reporting.

For most teams, **Notion** is a great starting point, with **Asana** as a solid alternative.",false,Synthetic,Demo Synthetic Benchmark,2026-07-10,Script-generated synthetic response (not a real AI platform output).
r061,p21,Claude (synthetic),claude-synthetic-demo,2026-07-10,2,"A few widely used tools fit this need:

1. **Notion** is a flexible all-in-one workspace with docs, wikis, and databases. It is simple to start with ready-made templates and is popular with startups and small teams.
2. **Asana** offers polished task tracking, timelines, and reporting. It is affordable for small teams and is often recommended for marketing teams.
3. **Monday.com** offers colorful, spreadsheet-style boards, automations, and dashboards that non-technical teams find approachable and easy to use, but advanced reporting is limited on lower tiers.
4. **ClickUp** is a highly customizable, all-in-one tool bundling tasks, docs, goals, and automations at an affordable price, though the interface can feel cluttered and the learning curve is steep.
5. **Trello** uses a simple, intuitive Kanban-board approach that is easy to learn and has a free plan, though it feels limited for complex projects and lacks advanced reporting.

For most teams, **Notion** is a great starting point, with **Asana** as a solid alternative.",false,Synthetic,Demo Synthetic Benchmark,2026-07-10,Script-generated synthetic response (not a real AI platform output).
r062,p21,ChatGPT (synthetic),gpt-synthetic-demo,2026-07-10,1,"Based on common recommendations, these tools stand out:

1. **Asana** is a mature project management platform known for reliable task tracking, timelines, and workload management. It is powerful for larger teams, but its pricing gets expensive at scale.
2. **Notion** is a flexible all-in-one workspace with docs, wikis, and databases. It is simple to start with ready-made templates and is popular with startups and small teams.
3. **ClickUp** packs powerful automations, dashboards, and goals into one platform. It is feature-rich, but it can get pricey on higher tiers.
4. **Monday.com** offers colorful, spreadsheet-style boards, automations, and dashboards that non-technical teams find approachable and easy to use, but advanced reporting is limited on lower tiers.
5. **Trello** is a lightweight Kanban tool that is easy to learn and great for simple workflows, with a free plan that appeals to freelancers and small teams.

For most teams, **Asana** is a great starting point, with **Notion** as a solid alternative.

Sources:
- https://www.forbes.com/advisor/business/software/best-project-management-software/
- https://www.g2.com/categories/project-management
- https://asana.com/product",true,Synthetic,Demo Synthetic Benchmark,2026-07-10,Script-generated synthetic response (not a real AI platform output).
r063,p21,ChatGPT (synthetic),gpt-synthetic-demo,2026-07-10,2,"Here are some strong options to consider:

1. **Notion** is a flexible all-in-one workspace with docs, wikis, and databases. It is simple to start with ready-made templates and is popular with startups and small teams.
2. **Asana** is a mature project management platform known for reliable task tracking, timelines, and workload management. It is powerful for larger teams, but its pricing gets expensive at scale.
3. **Monday.com** offers colorful, spreadsheet-style boards, automations, and dashboards that non-technical teams find approachable and easy to use, but advanced reporting is limited on lower tiers.
4. **Trello** is a lightweight Kanban tool that is easy to learn and great for simple workflows, with a free plan that appeals to freelancers and small teams.

For most teams, **Notion** is a great starting point, with **Asana** as a solid alternative.

Sources:
- https://www.reddit.com/r/productivity/comments/best-pm-tool/
- https://www.nytimes.com/wirecutter/reviews/best-to-do-list-app/
- https://www.notion.so/product",true,Synthetic,Demo Synthetic Benchmark,2026-07-10,Script-generated synthetic response (not a real AI platform output).
r064,p22,Gemini (synthetic),gemini-synthetic-demo,2026-07-10,1,"A few widely used tools fit this need:

1. **Notion** is an all-in-one workspace that combines docs, wikis, databases, and project boards. Its strength is flexibility and a generous free plan, though it can be overwhelming to set up for beginners.
2. **ClickUp** packs powerful automations, dashboards, and goals into one platform. It is feature-rich, but it can get pricey on higher tiers.

For most teams, **Notion** is a great starting point, with **ClickUp** as a solid alternative.

Sources:
- https://www.forbes.com/advisor/business/software/best-project-management-software/
- https://zapier.com/blog/best-project-management-software/
- https://www.nytimes.com/wirecutter/reviews/best-to-do-list-app/
- https://www.notion.so/product",true,Synthetic,Demo Synthetic Benchmark,2026-07-10,Script-generated synthetic response (not a real AI platform output).
r065,p22,Gemini (synthetic),gemini-synthetic-demo,2026-07-10,2,"Several popular platforms could work well here:

1. **Notion** is an all-in-one workspace that combines docs, wikis, databases, and project boards. Its strength is flexibility and a generous free plan, though it can be overwhelming to set up for beginners.
2. **ClickUp** packs powerful automations, dashboards, and goals into one platform. It is feature-rich, but it can get pricey on higher tiers.
3. **Trello** uses a simple, intuitive Kanban-board approach that is easy to learn and has a free plan, though it feels limited for complex projects and lacks advanced reporting.

For most teams, **Notion** is a great starting point, with **ClickUp** as a solid alternative.

Sources:
- https://www.g2.com/categories/project-management
- https://www.capterra.com/project-management-software/
- https://www.notion.so/product",true,Synthetic,Demo Synthetic Benchmark,2026-07-10,Script-generated synthetic response (not a real AI platform output).
r066,p22,ChatGPT (synthetic),gpt-synthetic-demo,2026-07-10,1,"Here are some strong options to consider:

1. **Notion** is a flexible all-in-one workspace with docs, wikis, and databases. It is simple to start with ready-made templates and is popular with startups and small teams.
2. **Asana** is a mature project management platform known for reliable task tracking, timelines, and workload management. It is powerful for larger teams, but its pricing gets expensive at scale.
3. **Monday.com** offers colorful, spreadsheet-style boards, automations, and dashboards that non-technical teams find approachable and easy to use, but advanced reporting is limited on lower tiers.
4. **Trello** is a lightweight Kanban tool that is easy to learn and great for simple workflows, with a free plan that appeals to freelancers and small teams.

For most teams, **Notion** is a great starting point, with **Asana** as a solid alternative.",false,Synthetic,Demo Synthetic Benchmark,2026-07-10,Script-generated synthetic response (not a real AI platform output).
r067,p22,ChatGPT (synthetic),gpt-synthetic-demo,2026-07-10,2,"Based on common recommendations, these tools stand out:

1. **Notion** is a flexible all-in-one workspace with docs, wikis, and databases. It is simple to start with ready-made templates and is popular with startups and small teams.
2. **Asana** is a mature project management platform known for reliable task tracking, timelines, and workload management. It is powerful for larger teams, but its pricing gets expensive at scale.
3. **ClickUp** packs powerful automations, dashboards, and goals into one platform. It is feature-rich, but it can get pricey on higher tiers.
4. **Monday.com** offers colorful, spreadsheet-style boards, automations, and dashboards that non-technical teams find approachable and easy to use, but advanced reporting is limited on lower tiers.
5. **Trello** is a lightweight Kanban tool that is easy to learn and great for simple workflows, with a free plan that appeals to freelancers and small teams.

For most teams, **Notion** is a great starting point, with **Asana** as a solid alternative.

Sources:
- https://www.reddit.com/r/productivity/comments/best-pm-tool/
- https://zapier.com/blog/best-project-management-software/
- https://www.g2.com/categories/project-management
- https://www.notion.so/product",true,Synthetic,Demo Synthetic Benchmark,2026-07-10,Script-generated synthetic response (not a real AI platform output).
